{
  "version": 1,
  "author": "Anonymous maker",
  "editor": "wokwi",
  "parts": [
    { "type": "wokwi-breadboard", "id": "bb1", "top": 73.8, "left": 2.8, "attrs": {} },
    { "type": "wokwi-arduino-uno", "id": "uno1", "top": 451.8, "left": 306.6, "attrs": {} },
    { "type": "wokwi-lcd1602", "id": "lcd1", "top": -102.17, "left": 35.2, "attrs": {} },
    {
      "type": "wokwi-servo",
      "id": "servo1",
      "top": -49,
      "left": -142.2,
      "rotate": 270,
      "attrs": {}
    },
    {
      "type": "wokwi-dht22",
      "id": "dht1",
      "top": -76.5,
      "left": 426.6,
      "attrs": { "temperature": "6.8" }
    },
    {
      "type": "wokwi-led",
      "id": "led1",
      "top": 82.8,
      "left": 570.2,
      "attrs": { "color": "green" }
    },
    {
      "type": "wokwi-led",
      "id": "led2",
      "top": 82.8,
      "left": 541.4,
      "attrs": { "color": "magenta" }
    },
    { "type": "wokwi-led", "id": "led3", "top": 82.8, "left": 599, "attrs": { "color": "red" } },
    {
      "type": "wokwi-resistor",
      "id": "r1",
      "top": 168,
      "left": 537.05,
      "rotate": 90,
      "attrs": { "value": "220" }
    },
    {
      "type": "wokwi-resistor",
      "id": "r2",
      "top": 168,
      "left": 565.85,
      "rotate": 90,
      "attrs": { "value": "220" }
    },
    {
      "type": "wokwi-resistor",
      "id": "r3",
      "top": 168,
      "left": 594.65,
      "rotate": 90,
      "attrs": { "value": "220" }
    }
  ],
  "connections": [
    [ "uno1:GND.3", "bb1:bn.50", "black", [ "v9.5", "h100", "v-326.4" ] ],
    [ "uno1:5V", "bb1:bp.50", "red", [ "v9.5", "h3.8", "v19.2", "h172.8", "v-9.6" ] ],
    [ "lcd1:VSS", "bb1:bn.9", "black", [ "v0" ] ],
    [ "lcd1:VDD", "bb1:bp.10", "red", [ "v0" ] ],
    [ "lcd1:K", "bb1:bn.21", "black", [ "v0" ] ],
    [ "uno1:12", "lcd1:RS", "#8f4814", [ "v-19.2", "h0.5" ] ],
    [ "lcd1:RW", "bb1:bn.12", "black", [ "v0" ] ],
    [ "lcd1:E", "uno1:11", "gray", [ "v316.8", "h345.6" ] ],
    [ "uno1:10", "lcd1:D4", "orange", [ "v-28.8", "h-296.9" ] ],
    [ "lcd1:A", "bb1:bp.21", "red", [ "v0" ] ],
    [ "uno1:8", "lcd1:D6", "blue", [ "v-48", "h-297.4" ] ],
    [ "uno1:7", "lcd1:D7", "gold", [ "v-19.2", "h-313.2" ] ],
    [ "servo1:GND", "bb1:bn.22", "black", [ "v0" ] ],
    [ "servo1:V+", "bb1:bp.1", "red", [ "v0" ] ],
    [ "uno1:9", "servo1:PWM", "green", [ "v-38.4", "h0.8" ] ],
    [ "lcd1:D5", "uno1:5", "green", [ "v374.4", "h0.1" ] ],
    [ "dht1:VCC", "bb1:bp.36", "red", [ "v0" ] ],
    [ "dht1:GND", "bb1:bn.38", "black", [ "v0" ] ],
    [ "dht1:SDA", "uno1:2", "purple", [ "v297.6", "h28.9" ] ],
    [ "led3:C", "bb1:bn.48", "black", [ "v0" ] ],
    [ "bb1:59t.c", "bb1:bn.48", "black", [ "v0" ] ],
    [ "bb1:56t.c", "bb1:bn.46", "black", [ "v0" ] ],
    [ "bb1:63b.i", "uno1:3", "gold", [ "v230.4", "h-96", "v-9.6" ] ],
    [ "bb1:60b.i", "uno1:4", "green", [ "v220.8", "h-67.2" ] ],
    [ "bb1:57b.i", "uno1:6", "magenta", [ "v211.2", "h-67.2" ] ],
    [ "led2:A", "bb1:57t.a", "", [ "$bb" ] ],
    [ "led2:C", "bb1:56t.a", "", [ "$bb" ] ],
    [ "led1:A", "bb1:60t.a", "", [ "$bb" ] ],
    [ "led1:C", "bb1:59t.a", "", [ "$bb" ] ],
    [ "led3:A", "bb1:63t.a", "", [ "$bb" ] ],
    [ "led3:C", "bb1:62t.a", "", [ "$bb" ] ],
    [ "r3:1", "bb1:63t.c", "", [ "$bb" ] ],
    [ "r3:2", "bb1:63b.g", "", [ "$bb" ] ],
    [ "r2:1", "bb1:60t.c", "", [ "$bb" ] ],
    [ "r2:2", "bb1:60b.g", "", [ "$bb" ] ],
    [ "r1:1", "bb1:57t.c", "", [ "$bb" ] ],
    [ "r1:2", "bb1:57b.g", "", [ "$bb" ] ]
  ],
  "dependencies": {}
}